{"x":126.03834533691406,"y":0.12500011920928956,"z":9.83230209350586}