{"x":125.39030456542969,"y":0.12462437152862549,"z":9.962244987487793}