{"x":240.31512451171876,"y":0.12500005960464478,"z":0.001290351152420044}