{"x":-40.44862747192383,"y":-13.696523666381836,"z":-21.932119369506837}