{"x":153.02716064453126,"y":0.125,"z":-14.58184814453125}