{"x":-6.833332061767578,"y":-14.459002494812012,"z":13.235733032226563}