{"x":-0.01728242076933384,"y":0.13915292918682099,"z":-0.002428903942927718,"w":-0.9901171326637268}